{
  "data_source": "DefiLlama_Chain_API",
  "collection_date": "2025-09-16 11:08:56",
  "sui_protocol_count": 85,
  "aptos_protocol_count": 79,
  "sui_chain_tvl": 2002281321.300977,
  "aptos_chain_tvl": 776594504.4759802
}