{
  "data_source": "DefiLlama_Chain_API",
  "collection_date": "2025-09-16 07:40:29",
  "sui_protocol_count": 85,
  "aptos_protocol_count": 79,
  "sui_chain_tvl": 1993985714.673768,
  "aptos_chain_tvl": 776234387.0049305
}